Student ID,Name,Notes
DEMO001,Morgan Ellison,FICTIONAL SIG DEMO — not a real student
DEMO002,Riley Vasquez,FICTIONAL SIG DEMO — not a real student
DEMO003,Samira Okonkwo,FICTIONAL SIG DEMO — not a real student
DEMO004,Devon Lang,FICTIONAL SIG DEMO — not a real student
DEMO005,Quinn Fairchild,FICTIONAL SIG DEMO — not a real student
DEMO006,Taylor Brennan,FICTIONAL SIG DEMO — not a real student
DEMO007,Casey Whitmore,FICTIONAL SIG DEMO — not a real student
DEMO008,Avery Lindholm,FICTIONAL SIG DEMO — not a real student
DEMO009,Rowan Calder,FICTIONAL SIG DEMO — not a real student
DEMO010,Sloane Petrov,FICTIONAL SIG DEMO — not a real student
DEMO011,Blake Sundaram,FICTIONAL SIG DEMO — not a real student
DEMO012,Reese Okada,FICTIONAL SIG DEMO — not a real student
